{"train/loss":0.00012833603250328451,"_runtime":210,"lr":1e-06,"epoch":50,"test/acc":0.37463021066786195,"test/pr_auc":0.40930875721087556,"_timestamp":1.7585428087642617e+09,"_step":50,"_wandb":{"runtime":210},"time_min":0.06459469517382482,"test/roc_auc":0.2881219184222321}