{"_runtime":150,"test/pr_auc":0.9991594461637385,"time_min":0.07158309138224771,"_timestamp":1.7585465576669943e+09,"test/acc":0.7467532467532467,"_wandb":{"runtime":150},"lr":1e-06,"test/roc_auc":0.9993506493506493,"_step":20,"epoch":20,"train/loss":8.794306631898507e-05}