{"epoch":50,"train/loss":3.5876306355930865e-05,"test/acc":0.3735930735930736,"_wandb":{"runtime":85},"_timestamp":1.7585382721688533e+09,"_runtime":85,"time_min":0.024049816109860938,"test/roc_auc":0.3699134199134199,"test/pr_auc":0.3506358948836153,"_step":50,"lr":1e-06}