{"_runtime":475,"test/acc":0.6233766233766234,"_wandb":{"runtime":475},"lr":1e-06,"_step":100,"test/roc_auc":0.9932900432900432,"_timestamp":1.7585488308409765e+09,"time_min":0.07249259906820953,"epoch":100,"train/loss":1.268702544621192e-05,"test/pr_auc":0.9917638166132798}