{"_wandb":{"runtime":55},"test/acc":0.7467532467532467,"_step":20,"train/loss":0.00010156133794225752,"epoch":20,"lr":1e-06,"_runtime":55,"_timestamp":1.758546370978969e+09,"test/roc_auc":0.6852813852813853,"test/pr_auc":0.6806379057792908,"time_min":0.04151745578274131}