{"_runtime":67,"_timestamp":1.758549866257379e+09,"_step":50,"train/loss":8.48397485242458e-06,"_wandb":{"runtime":67},"test/pr_auc":0.35277660026719715,"epoch":50,"test/roc_auc":0.09045271178843567,"lr":1e-06,"test/acc":0.2656207978484984,"time_min":0.018953126513709624}