{"time_min":0.07290110758816203,"_timestamp":1.7585425958385072e+09,"test/roc_auc":0.4199273900766438,"test/pr_auc":0.39733171703379544,"train/loss":0.0001146797148976475,"_step":50,"test/acc":0.4466518757563534,"_wandb":{"runtime":235},"epoch":50,"lr":1e-06,"_runtime":235}