{"epoch":20,"lr":1e-06,"test/pr_auc":0.4375147395086473,"train/loss":8.31374381959904e-06,"time_min":1.168592863685141,"_wandb":{"runtime":1506},"_step":20,"_timestamp":1.758281787225892e+09,"test/acc":0.4095921111609144,"_runtime":1506,"test/roc_auc":0.34217839533841327}