{"test/acc":0.5255952380952381,"test/roc_auc":0.5557142857142857,"train/loss":0.00016343925381079316,"test/pr_auc":0.4841109246583105,"_wandb":{"runtime":167},"lr":1e-06,"_step":50,"_timestamp":1.7585387262525647e+09,"epoch":50,"_runtime":167,"time_min":0.05753865856677294}