{"test/pr_auc":0.335132557842393,"_step":20,"_runtime":116,"train/loss":0.0299754049628973,"lr":1e-06,"time_min":0.06828273579788705,"test/acc":0.3264421137555466,"_wandb":{"runtime":116},"_timestamp":1.75855105637204e+09,"test/roc_auc":0.24727712787414277,"epoch":20}