{"test/acc":0.2509636934110264,"lr":1e-06,"time_min":0.06098754185562332,"test/pr_auc":0.3842981631510938,"_timestamp":1.7585511393941736e+09,"epoch":20,"test/roc_auc":0.2075302554908113,"train/loss":0.008619090542197227,"_step":20,"_wandb":{"runtime":79},"_runtime":79}