{"epoch":20,"_wandb":{"runtime":96},"train/loss":4.0664042899152264e-05,"test/acc":0.4726190476190476,"time_min":0.0741452106817936,"_timestamp":1.7585466567219489e+09,"lr":1e-06,"_step":20,"_runtime":96,"test/pr_auc":0.29701867157964473,"test/roc_auc":0.2491666666666667}