{"_wandb":{"runtime":74},"lr":1e-06,"_step":50,"train/loss":4.7753746912349015e-06,"_runtime":74,"test/roc_auc":0.266904761904762,"_timestamp":1.758549520204356e+09,"test/acc":0.4726190476190476,"epoch":50,"time_min":0.022885192014897863,"test/pr_auc":0.3092022697914981}