{"train/loss":4.778203947353177e-05,"test/pr_auc":0.35965935494697276,"_step":20,"test/acc":0.38144329896907214,"epoch":20,"_timestamp":1.758546543925907e+09,"lr":1e-06,"time_min":0.04101444193317245,"test/roc_auc":0.12469744509188704,"_wandb":{"runtime":53},"_runtime":53}