{"test/pr_auc":0.6080168875175715,"train/loss":0.03734377399086952,"test/roc_auc":0.5283333333333333,"_step":20,"test/acc":0.574047619047619,"_runtime":99,"epoch":20,"time_min":0.06780258985236287,"_wandb":{"runtime":99},"lr":1e-06,"_timestamp":1.7585520757107642e+09}