{"lr":1e-06,"_runtime":162,"time_min":0.03303508174916108,"epoch":50,"test/acc":0.5438095238095239,"train/loss":0.00044459514901973307,"_step":50,"_wandb":{"runtime":162},"_timestamp":1.758539089977028e+09,"test/pr_auc":0.4272961313436118,"test/roc_auc":0.5388095238095237}