{"time_min":0.03204197376811256,"test/roc_auc":0.5615167406212183,"test/pr_auc":0.5247513982590268,"_wandb":{"runtime":99},"epoch":50,"_timestamp":1.758540854252771e+09,"test/acc":0.513816054860831,"_runtime":99,"lr":1e-06,"_step":50,"train/loss":0.0005211364477872849}