{"_runtime":793,"_timestamp":1.7582312487065983e+09,"test/acc":0.397310623038996,"test/roc_auc":0.36709995517705063,"train/loss":7.4063323154405225e-06,"_step":20,"lr":1e-06,"time_min":0.621538482629694,"_wandb":{"runtime":793},"epoch":20,"test/pr_auc":0.46279879082172537}