{"_runtime":402,"epoch":50,"time_min":0.13808640906742464,"train/loss":5.7567791373003274e-05,"test/pr_auc":0.423219408275564,"lr":1e-06,"_wandb":{"runtime":402},"_timestamp":1.7585417174581547e+09,"_step":50,"test/roc_auc":0.5045238095238095,"test/acc":0.5457142857142857}