{"_runtime":145,"epoch":50,"lr":1e-06,"_step":50,"train/loss":1.549764783703722e-05,"_timestamp":1.7585416134833322e+09,"time_min":0.04446263641584665,"_wandb":{"runtime":145},"test/pr_auc":0.40727941462339246,"test/roc_auc":0.4623376623376624,"test/acc":0.5163419913419913}