{"train/loss":0.00039375750930048525,"test/acc":0.5131101250504235,"test/roc_auc":0.4967728922952804,"_timestamp":1.7585392770551317e+09,"epoch":50,"lr":1e-06,"_wandb":{"runtime":184},"_runtime":184,"test/pr_auc":0.47100570031661093,"time_min":0.05734953298233449,"_step":50}