{"test/acc":0.5,"_runtime":897,"test/roc_auc":0.3943722943722944,"_wandb":{"runtime":897},"_step":20,"epoch":20,"time_min":0.5677630548986295,"test/pr_auc":0.3927610498254623,"lr":1e-06,"train/loss":1.1974804692727048e-05,"_timestamp":1.7582776574586053e+09}