{"lr":1e-06,"train/loss":1.0168179869651794e-05,"_timestamp":1.7582492528644536e+09,"test/acc":0.49,"_wandb":{"runtime":831},"_runtime":831,"_step":20,"time_min":0.6873884578701108,"test/pr_auc":0.44117934667129016,"epoch":20,"test/roc_auc":0.5502380952380952}