{"test/roc_auc":0.21317794710891977,"test/acc":0.33213805468399815,"lr":1e-06,"time_min":0.02473860198321442,"epoch":50,"_timestamp":1.7585409368769321e+09,"_step":50,"_runtime":80,"test/pr_auc":0.3835413664157163,"_wandb":{"runtime":80},"train/loss":0.0003950637183152139}