{"time_min":0.6176806814347704,"test/acc":0.5632142857142858,"epoch":20,"_wandb":{"runtime":759},"_timestamp":1.7582749456123412e+09,"_runtime":759,"_step":20,"lr":1e-06,"test/pr_auc":0.5081444460487603,"test/roc_auc":0.5878571428571429,"train/loss":1.6011395928217098e-05}