{"test/acc":0.40349619004930526,"test/roc_auc":0.29735544598834607,"_wandb":{"runtime":33},"_step":20,"epoch":20,"lr":1e-06,"time_min":0.025538790334636966,"_runtime":33,"_timestamp":1.758551425760322e+09,"train/loss":0.014872327446937561,"test/pr_auc":0.41438845891976417}