{"time_min":0.04322477055247873,"_wandb":{"runtime":142},"_timestamp":1.7585414657703257e+09,"test/pr_auc":0.4818414386532986,"test/roc_auc":0.5385714285714286,"test/acc":0.5271428571428571,"train/loss":1.4637478670920245e-05,"lr":1e-06,"_runtime":142,"epoch":50,"_step":50}