{"epoch":50,"test/roc_auc":0.4247619047619048,"lr":1e-06,"_runtime":151,"time_min":0.046023510916468995,"_step":50,"train/loss":3.581742203095928e-05,"test/acc":0.4544047619047619,"_wandb":{"runtime":151},"_timestamp":1.758541766995299e+09,"test/pr_auc":0.3728836268222633}