{"time_min":0.6946739281682919,"_timestamp":1.7582304522741966e+09,"test/acc":0.3924969745865268,"lr":1e-06,"_runtime":888,"epoch":20,"_wandb":{"runtime":888},"train/loss":1.3026176020503044e-05,"_step":20,"test/pr_auc":0.38563868538209367,"test/roc_auc":0.3864461476401775}