{"train/loss":0.02582191303372383,"lr":1e-06,"time_min":0.026260761187101404,"test/pr_auc":0.29020358201685387,"_runtime":35,"_timestamp":1.7585513542193975e+09,"test/acc":0.3570238095238095,"_step":20,"epoch":20,"test/roc_auc":0.22428571428571428,"_wandb":{"runtime":35}}