{"lr":1e-06,"time_min":0.02151220286420236,"_step":50,"test/roc_auc":0.8188311688311688,"test/acc":0.7404761904761905,"test/pr_auc":0.7736826626765045,"epoch":50,"train/loss":1.5050572983454913e-06,"_timestamp":1.7585494428950999e+09,"_wandb":{"runtime":70},"_runtime":70}