{"_runtime":294,"time_min":0.07598258435415725,"test/pr_auc":0.40102658136626523,"_timestamp":1.7585398151853852e+09,"_step":50,"test/acc":0.45916666666666667,"test/roc_auc":0.4697619047619048,"lr":1e-06,"train/loss":0.00028176693012937903,"_wandb":{"runtime":294},"epoch":50}