{"test/acc":0.37879874495741817,"_runtime":214,"train/loss":0.00024456981918774545,"lr":1e-06,"test/pr_auc":0.4200926295907186,"test/roc_auc":0.31483639623487225,"_wandb":{"runtime":214},"_step":50,"time_min":0.06514496180073669,"_timestamp":1.7585403013748486e+09,"epoch":50}