{"test/roc_auc":0.5879761904761904,"test/pr_auc":0.4791519115354468,"_wandb":{"runtime":233},"_runtime":233,"epoch":100,"lr":1e-06,"_timestamp":1.7585471643973315e+09,"test/acc":0.6322619047619048,"_step":100,"train/loss":2.545970573919476e-06,"time_min":0.03416206690017134}