{"_timestamp":1.7585512793304203e+09,"_wandb":{"runtime":38},"lr":1e-06,"train/loss":0.010281886905431747,"time_min":0.02554750208122035,"test/roc_auc":0.44595238095238093,"_step":20,"epoch":20,"_runtime":38,"test/pr_auc":0.3663906129698692,"test/acc":0.46773809523809523}