{"train/loss":0.010858556255698204,"_wandb":{"runtime":89},"test/acc":0.6233766233766234,"lr":1e-06,"test/pr_auc":0.7951503180075291,"epoch":20,"_timestamp":1.7585508402242267e+09,"_runtime":89,"test/roc_auc":0.7807359307359307,"_step":20,"time_min":0.0675328496688356}