{"lr":1e-06,"test/pr_auc":0.3551247952688167,"_runtime":201,"test/roc_auc":0.1035410129986553,"_timestamp":1.758549019923999e+09,"test/acc":0.19650380995069475,"train/loss":3.537621523719281e-06,"time_min":0.029598265583626927,"_wandb":{"runtime":201},"_step":100,"epoch":100}