{"time_min":0.025278569703611236,"test/pr_auc":0.4578055672865602,"_step":50,"epoch":50,"_wandb":{"runtime":85},"lr":1e-06,"train/loss":9.877578122541308e-05,"test/roc_auc":0.5609523809523809,"test/acc":0.5307142857142857,"_timestamp":1.7585383601819959e+09,"_runtime":85}