{"_runtime":231.388936727,"time_min":0.762881955698443,"epoch":4,"val/acc":1,"val/roc_auc":1,"train/loss":0.22842492163181305,"_step":4,"_wandb":{"runtime":231},"_timestamp":1.7582190684329324e+09,"val/pr_auc":1,"lr":9.844486647586733e-05}