{"time_min":0.7026686000327269,"test/acc":0.42045454545454547,"_wandb":{"runtime":896},"_step":20,"lr":1e-06,"test/roc_auc":0.30779220779220773,"epoch":20,"train/loss":5.3322932217270136e-05,"test/pr_auc":0.32458101492269464,"_runtime":896,"_timestamp":1.758226827715899e+09}