{"epoch":20,"test/roc_auc":0.28640580879386845,"_wandb":{"runtime":33},"test/pr_auc":0.35027634986834943,"lr":1e-06,"train/loss":0.025225503370165825,"time_min":0.025015506086250146,"test/acc":0.33884630899556273,"_timestamp":1.7585513898371153e+09,"_runtime":33,"_step":20}