{"_wandb":{"runtime":76},"epoch":50,"test/roc_auc":0.1945316001792918,"time_min":0.019014164184530575,"test/pr_auc":0.3781873003071438,"test/acc":0.2810847153742716,"train/loss":1.7290118194068782e-05,"_timestamp":1.7585499875154974e+09,"lr":1e-06,"_step":50,"_runtime":76}