{"_timestamp":1.7585478473720953e+09,"_step":2,"_wandb":{"runtime":10},"_runtime":10.845611097,"epoch":2,"train/loss":0.5188205242156982,"lr":0.0002997049959000265,"time_min":0.07497164142938952}