{"_step":50,"lr":1e-06,"test/acc":0.47153679653679653,"_wandb":{"runtime":396},"train/loss":0.00014333630679175258,"time_min":0.07362409673320751,"test/pr_auc":0.3955238659555059,"test/roc_auc":0.470995670995671,"_runtime":396,"epoch":50,"_timestamp":1.7585421164831526e+09}