{"_timestamp":1.758276757583338e+09,"_runtime":704,"test/pr_auc":0.5081444460487603,"_step":20,"test/roc_auc":0.5878571428571429,"train/loss":1.6011395928217098e-05,"time_min":0.5589621172053739,"epoch":20,"lr":1e-06,"test/acc":0.5632142857142858,"_wandb":{"runtime":704}}