{"_wandb":{"runtime":114},"train/loss":0.00016165999113582075,"time_min":0.03184864826034754,"lr":1e-06,"test/pr_auc":0.4256619133068579,"_timestamp":1.758540618104369e+09,"epoch":50,"_runtime":114,"_step":50,"test/roc_auc":0.4892857142857143,"test/acc":0.44511904761904764}