{"_timestamp":1.7585471704329739e+09,"_step":1,"_wandb":{"runtime":4},"_runtime":4.479293432,"epoch":1,"train/loss":0.7161080241203308,"lr":0.0002999262307746767,"time_min":0.03550645250361413}