{"lr":1e-06,"_timestamp":1.7585476128854373e+09,"_runtime":239,"epoch":100,"_wandb":{"runtime":239},"_step":100,"test/acc":0.5214285714285715,"test/pr_auc":0.4183776020072606,"test/roc_auc":0.4753571428571429,"time_min":0.0328733365284279,"train/loss":2.5405719497939572e-05}