{"test/acc":0.42093586123436866,"_wandb":{"runtime":57},"time_min":0.04319698427959035,"_timestamp":1.758546487212557e+09,"train/loss":3.269577428000048e-05,"test/roc_auc":0.6031665994352562,"_step":20,"epoch":20,"_runtime":57,"test/pr_auc":0.5767883372257221,"lr":1e-06}