{"test/acc":0.5173457039128682,"_runtime":89,"train/loss":4.2771120206452906e-05,"lr":1e-06,"time_min":0.023593169272256395,"test/pr_auc":0.4884697860449276,"test/roc_auc":0.5266236385639371,"epoch":50,"_wandb":{"runtime":89},"_timestamp":1.7585384517374892e+09,"_step":50}