{"test/pr_auc":0.428082952424644,"test/roc_auc":0.48290043290043294,"train/loss":0.00020181392028462142,"time_min":0.01922182342968881,"epoch":50,"_timestamp":1.758540685174642e+09,"_wandb":{"runtime":64},"_runtime":64,"lr":1e-06,"test/acc":0.4989177489177489,"_step":50}