{"test/acc":0.5661904761904761,"epoch":50,"_timestamp":1.7585390494288979e+09,"test/pr_auc":0.4438806125010933,"_step":50,"train/loss":0.0002426148857921362,"_wandb":{"runtime":452},"test/roc_auc":0.5476190476190476,"_runtime":452,"lr":1e-06,"time_min":0.13926559079748888}