{"_timestamp":1.758538925014282e+09,"epoch":50,"_runtime":194,"test/roc_auc":0.3999999999999999,"train/loss":0.00019402596808504313,"lr":1e-06,"_wandb":{"runtime":194},"test/acc":0.43841991341991343,"_step":50,"test/pr_auc":0.3615565291993599,"time_min":0.05955147435112546}