{"_step":50,"test/pr_auc":0.3531469094196352,"time_min":0.020129089802503587,"test/acc":0.28785298072613175,"_timestamp":1.7585496684207246e+09,"lr":1e-06,"_runtime":66,"train/loss":6.109007244958775e-06,"test/roc_auc":0.09099058718063648,"_wandb":{"runtime":66},"epoch":50}