{"epoch":100,"_runtime":481,"test/acc":0.6473809523809524,"_wandb":{"runtime":481},"time_min":0.07280442323535681,"test/pr_auc":0.610774703973805,"_step":100,"_timestamp":1.7585483526081605e+09,"test/roc_auc":0.5219047619047619,"train/loss":1.1747963071684353e-05,"lr":1e-06}