{"test/roc_auc":0.4980839048003227,"train/loss":5.039085408498067e-06,"_runtime":75,"epoch":50,"time_min":0.02259895820170641,"test/acc":0.6224283985478015,"_wandb":{"runtime":75},"lr":1e-06,"_step":50,"_timestamp":1.7585495990672688e+09,"test/pr_auc":0.5361165926475416}