{"test/roc_auc":0.1932765575974899,"_timestamp":1.7585506078790207e+09,"test/pr_auc":0.37890460747949517,"_wandb":{"runtime":116},"_runtime":116,"lr":1e-06,"_step":20,"epoch":20,"time_min":0.06431347166653723,"test/acc":0.2735096369341103,"train/loss":0.007090922445058823}