{"time_min":0.12142090763275822,"_runtime":156,"lr":1e-06,"train/loss":9.228281123796478e-05,"_timestamp":1.7585464050155551e+09,"epoch":20,"test/pr_auc":0.6119516418616103,"test/roc_auc":0.5478571428571429,"test/acc":0.5915476190476191,"_wandb":{"runtime":156},"_step":20}