{"epoch":20,"_runtime":94,"_step":20,"_timestamp":1.758546755337014e+09,"test/roc_auc":0.8693021379588544,"test/pr_auc":0.8967920778257477,"time_min":0.07333030037892362,"_wandb":{"runtime":94},"train/loss":0.0001680639834376052,"lr":1e-06,"test/acc":0.8656716417910448}