{"test/roc_auc":0.5879761904761904,"_runtime":237,"time_min":0.03380970670065532,"test/acc":0.6322619047619048,"test/pr_auc":0.4791519115354468,"lr":1e-06,"_step":100,"_timestamp":1.7585481142352273e+09,"train/loss":2.545970573919476e-06,"_wandb":{"runtime":237},"epoch":100}