{"time_min":0.018972714082337916,"epoch":20,"train/loss":0.0006746893050149083,"lr":1e-06,"test/roc_auc":0.07691618108471537,"_runtime":30,"_timestamp":1.7585501202775424e+09,"test/pr_auc":0.3495278189511926,"test/acc":0.27037203047960556,"_wandb":{"runtime":30},"_step":20}