{"test/pr_auc":0.38474694032940926,"epoch":50,"_wandb":{"runtime":192},"test/acc":0.3197220977140296,"_runtime":192,"_timestamp":1.7585394723030026e+09,"lr":1e-06,"train/loss":0.0003619997587520629,"_step":50,"time_min":0.05756686828875293,"test/roc_auc":0.21739130434782608}