{"lr-AdamW/pg1":0.00025,"trainer/global_step":0,"lr-AdamW/pg5":0.00025,"_step":0,"graph_0":{"size":11497,"path":"media/graph/graph_0_summary_2061af62bb94dd87e1fc.graph.json","_type":"graph-file","sha256":"2061af62bb94dd87e1fc57f5bdbe793bea105e2caae17dd18e043c5457b2e972"},"lr-AdamW/pg4":0.00025,"lr-AdamW/pg6":0.00025,"_wandb":{"runtime":73},"lr-AdamW/pg2":0.00025,"lr-AdamW/pg3":0.00025,"_timestamp":1.7578474054027994e+09,"_runtime":73}