{"_wandb":{"runtime":904},"test/pr_auc":0.3431943516888806,"lr":1e-06,"_runtime":904,"test/roc_auc":0.33261904761904765,"train/loss":1.1939536307181697e-05,"test/acc":0.4446428571428572,"epoch":20,"_step":20,"time_min":0.7091090448045482,"_timestamp":1.7582295602223897e+09}