{"lr":1e-06,"time_min":0.03380093748370806,"_step":100,"test/pr_auc":0.264685066809052,"test/acc":0.27785714285714286,"_runtime":231,"epoch":100,"test/roc_auc":0.11166666666666666,"_wandb":{"runtime":231},"train/loss":2.848951680789469e-06,"_timestamp":1.7585485823597293e+09}