{"test/roc_auc":0.6264285714285714,"_step":100,"lr":1e-06,"_wandb":{"runtime":463},"time_min":0.07300517938565462,"epoch":100,"test/pr_auc":0.7243586413234437,"test/acc":0.7147619047619047,"_runtime":463,"_timestamp":1.758547833794541e+09,"train/loss":0.00023439803044311702}