{"train/loss":1.3026176020503044e-05,"lr":1e-06,"test/acc":0.3924969745865268,"test/roc_auc":0.3864461476401775,"_wandb":{"runtime":887},"_timestamp":1.7582241390289526e+09,"_step":20,"_runtime":887,"epoch":20,"test/pr_auc":0.38563868538209367,"time_min":0.6969419189030305}