{"train/loss":0.010052362456917763,"test/roc_auc":0.7774891774891775,"epoch":20,"test/acc":0.7403679653679653,"test/pr_auc":0.7211856450074887,"_wandb":{"runtime":34},"_runtime":34,"lr":1e-06,"time_min":0.02540065246478965,"_timestamp":1.7585513164853837e+09,"_step":20}