{"train/loss":1.1193118552910164e-05,"test/roc_auc":0.34045986284792257,"time_min":1.3045429583949348,"_timestamp":1.7582802776811645e+09,"test/acc":0.3843283582089552,"epoch":20,"_runtime":1671,"_step":20,"_wandb":{"runtime":1671},"test/pr_auc":0.37103953628677755,"lr":1e-06}