{"_timestamp":1.7585419230828664e+09,"_step":50,"test/roc_auc":0.45421540943929,"_runtime":153,"test/acc":0.4856797095603066,"epoch":50,"train/loss":2.540632885938976e-05,"_wandb":{"runtime":153},"test/pr_auc":0.42551629463044593,"lr":1e-06,"time_min":0.04668740948351721}