{"time_min":0.04379403435159475,"_wandb":{"runtime":231},"test/acc":0.7727272727272727,"_step":100,"_timestamp":1.7585483475006678e+09,"_runtime":231,"lr":1e-06,"test/pr_auc":0.7515082604699737,"test/roc_auc":0.8364718614718615,"epoch":100,"train/loss":8.823318239592481e-06}