{"time_min":0.07413522218509266,"_wandb":{"runtime":275},"_runtime":275.624316487,"_timestamp":1.758549104192399e+09,"_step":56,"epoch":56,"train/loss":1.3278915503178723e-05,"lr":0.00012248649346943447}