{"test/acc":0.5320346320346321,"time_min":0.6955544801972185,"_runtime":891,"lr":1e-06,"epoch":20,"train/loss":1.2652479199459776e-05,"_timestamp":1.7582223417560904e+09,"_step":20,"_wandb":{"runtime":891},"test/pr_auc":0.47574978217759717,"test/roc_auc":0.5043290043290043}