{"time_min":0.021350061637349427,"_step":50,"train/loss":6.76780700814561e-06,"_wandb":{"runtime":75},"test/acc":0.6054761904761905,"epoch":50,"lr":1e-06,"test/roc_auc":0.6457142857142856,"test/pr_auc":0.5930022057562903,"_runtime":75,"_timestamp":1.7585493692960577e+09}