{"_wandb":{"runtime":230},"_step":100,"_runtime":230,"_timestamp":1.7585488150429015e+09,"train/loss":1.7279278381465701e-06,"time_min":0.03297362676821649,"lr":1e-06,"epoch":100,"test/acc":0.8656716417910448,"test/pr_auc":0.8718881573414093,"test/roc_auc":0.8029447357805567}