{"epoch":20,"test/acc":0.5903571428571428,"_wandb":{"runtime":61},"lr":1e-06,"test/roc_auc":0.6376190476190476,"_runtime":61,"test/pr_auc":0.6063741828054057,"_step":20,"time_min":0.03991731736653795,"_timestamp":1.758546312262151e+09,"train/loss":2.9940390959382057e-05}