{"time_min":1.3109426467834662,"_timestamp":1.7582786044188275e+09,"_wandb":{"runtime":944},"test/roc_auc":0.4180952380952381,"test/pr_auc":0.3778026137042657,"epoch":20,"lr":1e-06,"test/acc":0.46773809523809523,"_runtime":944,"_step":20,"train/loss":9.027685337059665e-06}