{"lr":1e-06,"_step":50,"epoch":50,"time_min":0.021115326516640682,"train/loss":5.100918860989623e-05,"test/pr_auc":0.3774995981772629,"test/roc_auc":0.19220080681308832,"test/acc":0.31425369789332136,"_wandb":{"runtime":78},"_timestamp":1.7585385322734847e+09,"_runtime":78}