{"test/pr_auc":0.47574978217759717,"time_min":0.6967902311356738,"_timestamp":1.758228652667098e+09,"_runtime":896,"test/roc_auc":0.5043290043290043,"_wandb":{"runtime":896},"epoch":20,"test/acc":0.5320346320346321,"_step":20,"lr":1e-06,"train/loss":1.2652479199459776e-05}