{"test/pr_auc":0.46279879082172537,"test/roc_auc":0.36709995517705063,"_wandb":{"runtime":793},"_runtime":793,"_step":20,"time_min":0.6209191378050795,"_timestamp":1.7582249364119112e+09,"test/acc":0.397310623038996,"epoch":20,"lr":1e-06,"train/loss":7.4063323154405225e-06}