{"_timestamp":1.7585407524790974e+09,"lr":1e-06,"_runtime":65,"train/loss":0.0003738793602678925,"test/acc":0.5351190476190476,"test/roc_auc":0.5680952380952381,"test/pr_auc":0.45151745844398616,"epoch":50,"_step":50,"time_min":0.01960581007103125,"_wandb":{"runtime":65}}