{"_timestamp":1.7585412978246627e+09,"_step":20,"_wandb":{"runtime":36},"_runtime":36.70957872,"epoch":20,"train/loss":0.00011632889072643593,"lr":0.0003275997400965491,"time_min":0.02472779940192898}