{"epoch":20,"test/roc_auc":0.5878571428571429,"_runtime":760,"lr":1e-06,"train/loss":1.6011395928217098e-05,"test/pr_auc":0.5081444460487603,"time_min":0.6075681868862982,"_timestamp":1.7582696366482527e+09,"_wandb":{"runtime":760},"test/acc":0.5632142857142858,"_step":20}