{"lr":0.0002383738952177248,"time_min":0.02805318022146821,"_timestamp":1.7585334854223487e+09,"_step":15,"epoch":15,"_wandb":{"runtime":48},"_runtime":48.071900866,"train/loss":0.00501957256346941}