{"epoch":50,"test/pr_auc":0.3813651729328222,"test/acc":0.5188311688311689,"_runtime":466,"_step":50,"test/roc_auc":0.45584415584415583,"time_min":0.07847672428470105,"_wandb":{"runtime":466},"lr":1e-06,"_timestamp":1.7585395185380049e+09,"train/loss":0.000388142594601959}