{"lr":1e-06,"_step":20,"_runtime":40,"train/loss":0.012563901022076607,"time_min":0.024923881934955715,"_timestamp":1.7585502668603852e+09,"test/pr_auc":0.35452184920820434,"epoch":20,"test/acc":0.264007171671896,"_wandb":{"runtime":40},"test/roc_auc":0.09968623935454951}