{"_wandb":{"runtime":902},"lr":1e-06,"_step":20,"test/acc":0.4446428571428572,"test/pr_auc":0.3431943516888806,"test/roc_auc":0.33261904761904765,"_runtime":902,"epoch":20,"_timestamp":1.7582232476370156e+09,"time_min":0.7094883403663214,"train/loss":1.1939536307181697e-05}