{"epoch":20,"train/loss":0.03734377399086952,"test/acc":0.574047619047619,"time_min":0.06587956946653624,"test/pr_auc":0.6080168875175715,"_runtime":99,"lr":1e-06,"_timestamp":1.7585507483620017e+09,"test/roc_auc":0.5283333333333333,"_step":20,"_wandb":{"runtime":99}}