{"train/loss":7.826660294085741e-05,"time_min":0.0647016405981655,"test/roc_auc":0.21030927835051547,"test/acc":0.25257731958762886,"_wandb":{"runtime":84},"epoch":20,"_runtime":84,"_timestamp":1.758546842625968e+09,"test/pr_auc":0.38492406761064124,"lr":1e-06,"_step":20}