{"_step":50,"test/pr_auc":0.3849332607331698,"test/acc":0.42093586123436866,"lr":1e-06,"epoch":50,"train/loss":0.00033308350248262286,"test/roc_auc":0.390681726502622,"time_min":0.07518321496124068,"_wandb":{"runtime":266},"_runtime":266,"_timestamp":1.7585400846090448e+09}