{"epoch":20,"lr":1e-06,"train/loss":0.003385002026334405,"_timestamp":1.7585501767204304e+09,"test/pr_auc":0.3561085789614713,"test/roc_auc":0.10909905871806364,"test/acc":0.20712684894666067,"_wandb":{"runtime":31},"_runtime":31,"time_min":0.019140074068369966,"_step":20}