{"test/pr_auc":0.43729943288279044,"_wandb":{"runtime":898},"_runtime":898,"_step":20,"time_min":0.6970761239140605,"test/acc":0.5413095238095238,"epoch":20,"lr":1e-06,"_timestamp":1.7582277536490037e+09,"test/roc_auc":0.535,"train/loss":1.1199937034689356e-05}