{"test/pr_auc":0.3523247424451297,"test/roc_auc":0.08812191842223219,"_runtime":28,"epoch":20,"lr":1e-06,"time_min":0.018975802099642655,"_step":20,"test/acc":0.27754370237561626,"_wandb":{"runtime":28},"train/loss":2.3101691112970002e-05,"_timestamp":1.7585500725926237e+09}