{"_timestamp":1.758542357457841e+09,"_wandb":{"runtime":238},"_runtime":238,"test/roc_auc":0.4235714285714286,"epoch":50,"lr":1e-06,"test/acc":0.5130952380952382,"time_min":0.07322734646343937,"train/loss":8.477313531329855e-05,"test/pr_auc":0.36407768713976607,"_step":50}