{"_runtime":241.63195085,"time_min":0.07426795325397204,"_timestamp":1.7585471728083024e+09,"_step":51,"epoch":51,"train/loss":8.3216746133985e-06,"lr":0.0001458040915178201,"_wandb":{"runtime":241}}