{"time_min":0.04244269916477303,"_wandb":{"runtime":137},"_runtime":137,"test/pr_auc":0.38666263329151085,"epoch":50,"_step":50,"test/acc":0.2862393545495293,"lr":1e-06,"_timestamp":1.7585420637727823e+09,"train/loss":2.4325185222551227e-05,"test/roc_auc":0.22151501568803228}